,daya_baterai,px_panjang,px_lebar,berat_hp,tebal_hp,kapasitas_ram,jumlah_prosesor,price_range,bluetooth_0,bluetooth_1
1,764,361,511,152,1.0,3148,8,2,0,1
2,1812,380,1550,162,1.0,3338,7,3,0,1
6,1671,398,1263,179,0.9,815,8,0,1,0
7,852,538,730,147,0.4,1275,5,0,0,1
10,1027,1698,1747,103,0.9,3786,2,3,1,0
14,1358,889,1635,147,0.6,440,3,0,1,0
15,1606,1127,1924,154,0.1,3454,4,3,1,0
16,841,546,828,199,0.1,2942,6,2,0,1
17,1066,1242,1571,114,0.9,468,7,0,1,0
19,1365,293,970,125,0.3,1300,4,0,1,0
22,1874,1238,1418,192,0.8,1218,2,1,0,1
24,1083,523,542,173,1.0,3248,8,2,0,1
27,712,881,1234,172,0.8,3612,2,3,0,1
29,1546,91,1317,101,0.2,3521,1,3,0,1
30,1058,493,1247,166,0.4,418,4,0,1,0
32,1070,90,1614,160,0.8,2647,7,2,0,1
34,1490,1417,1464,150,0.3,3600,8,3,0,1
35,635,193,989,97,0.3,2107,5,1,0,1
37,1146,73,583,111,0.4,291,5,0,1,0
38,1379,838,885,129,0.2,2358,2,2,1,0
40,1530,454,1975,177,0.8,725,6,0,1,0
41,820,468,694,160,0.3,1284,4,0,1,0
44,1482,634,642,142,0.2,2971,7,2,1,0
46,1122,1578,1963,184,0.6,1402,3,1,1,0
48,723,1467,1901,102,0.3,2339,1,2,0,1
51,1288,988,1503,115,0.2,1882,6,2,1,0
52,1544,236,857,113,0.1,1300,8,1,1,0
53,1660,223,1777,169,0.8,2402,2,2,1,0
54,1872,81,1389,139,0.2,3153,7,3,0,1
55,609,938,1948,93,0.3,1866,4,1,1,0
56,614,22,519,128,0.2,3487,7,2,1,0
58,894,158,747,123,0.1,3305,2,2,1,0
59,1537,839,1131,137,0.3,3685,1,3,0,1
61,1989,1100,1497,94,0.8,1665,3,2,1,0
66,1327,441,1721,89,0.5,872,7,0,1,0
68,1949,407,822,199,0.3,1433,4,1,1,0
70,1063,201,582,86,0.2,2668,6,2,1,0
71,1433,281,799,133,0.7,258,8,0,1,0
72,557,322,710,89,0.2,2623,6,1,1,0
73,672,574,1267,99,0.1,1403,8,0,1,0
74,614,409,603,94,0.2,1930,4,1,1,0
75,902,675,1285,134,0.3,3411,7,3,0,1
76,1413,1920,1994,104,0.4,2973,5,3,0,1
77,1097,419,1914,161,0.2,1725,3,1,1,0
78,1502,65,588,138,0.2,3693,5,3,0,1
79,595,623,816,122,0.4,1593,2,0,1,0
80,948,340,1728,119,0.3,2926,4,2,1,0
82,1791,371,682,110,0.5,594,5,0,0,1
85,1404,1703,1880,151,0.9,1196,1,1,1,0
86,1647,193,1185,102,0.3,2532,6,2,1,0
87,833,359,1395,124,0.9,2150,1,1,0,1
88,1872,1546,1879,111,0.6,2419,3,3,0,1
94,1442,266,642,127,0.4,991,5,0,1,0
96,1135,293,1846,83,0.3,3029,1,3,0,1
100,833,649,1290,145,0.3,586,4,0,0,1
102,860,692,979,141,0.7,3869,6,3,0,1
103,1330,980,1262,83,0.3,463,5,0,0,1
104,1149,1617,1675,106,0.2,3755,6,3,0,1
107,1539,1112,1666,159,0.1,2107,8,2,0,1
109,606,465,1152,146,0.2,1223,4,0,1,0
113,1944,1060,1970,197,0.1,584,6,1,0,1
114,589,759,1858,146,0.7,362,8,0,0,1
115,1546,1138,1491,124,0.7,267,2,0,0,1
119,947,1176,1220,197,0.1,2842,2,2,1,0
122,1312,115,1791,156,0.9,3833,6,3,0,1
123,1027,152,714,102,0.8,1732,5,1,0,1
124,1417,364,1029,166,0.9,2129,4,1,0,1
125,1407,1172,1217,104,0.7,2192,4,2,0,1
127,1512,1079,1897,88,0.1,3607,3,3,0,1
128,798,526,643,96,0.2,2965,3,2,1,0
130,1476,1789,1972,148,0.7,3644,2,3,1,0
131,1646,211,1608,200,0.6,686,2,0,1,0
137,1313,416,1308,105,0.4,3791,1,3,0,1
140,1421,781,1657,165,0.4,2775,1,3,1,0
141,1744,68,718,112,0.5,1205,8,1,0,1
143,719,431,1727,113,0.4,3990,6,3,0,1
144,576,847,893,162,0.8,2800,8,2,1,0
145,1285,1791,1896,199,0.8,3966,5,3,1,0
147,1269,1597,1920,118,0.8,665,2,1,0,1
150,1251,308,591,133,0.7,1052,6,0,1,0
152,1686,397,1453,166,0.1,2958,4,3,0,1
154,1886,809,1958,112,0.4,1179,3,1,1,0
155,838,984,1850,196,0.1,3554,8,3,1,0
156,684,159,1738,157,1.0,3756,5,3,0,1
158,630,66,1448,180,0.5,1212,8,0,1,0
159,794,312,1376,197,0.6,2171,3,1,1,0
165,1314,328,1858,116,0.8,3033,7,3,0,1
166,1397,433,1658,121,0.2,1378,3,1,1,0
167,1307,897,1103,88,0.6,1412,7,1,1,0
168,1893,1203,1432,179,0.1,1482,8,2,0,1
170,569,389,739,184,0.1,2811,8,1,1,0
171,816,149,558,198,0.9,1018,3,0,0,1
175,1976,1301,1922,171,0.8,3699,2,3,0,1
176,1002,1345,1416,83,0.5,1726,2,1,1,0
180,1322,443,708,157,0.1,3684,1,3,1,0
181,983,1001,1176,187,0.9,1389,1,1,1,0
182,1462,91,1478,182,0.2,824,7,0,0,1
185,1004,901,1162,141,0.2,3772,6,3,0,1
186,591,952,1726,196,0.5,704,7,0,1,0
187,1063,295,935,95,0.9,961,6,0,0,1
188,608,4,1351,94,0.9,2517,4,1,0,1
189,1454,186,1100,160,0.2,719,4,0,0,1
191,1780,1331,1463,190,0.1,2776,4,3,0,1
192,709,1545,1596,136,0.1,1973,1,1,0,1
193,1997,866,1212,185,0.5,1655,4,2,0,1
195,1762,643,790,157,0.1,1380,4,1,1,0
197,1130,1495,1579,101,0.9,315,1,0,1,0
198,527,67,1924,128,0.9,1302,1,0,1,0
199,1083,925,1469,126,0.9,681,2,0,1,0
200,616,651,1618,81,0.8,3366,3,3,1,0
202,881,115,636,160,0.5,2110,3,1,1,0
205,1456,823,1104,105,0.4,1587,5,1,0,1
206,1596,169,1190,149,0.7,2493,2,2,1,0
207,672,578,1143,95,0.9,667,4,0,0,1
209,1699,466,1768,97,0.5,3796,4,3,1,0
210,530,818,1090,118,0.9,1229,6,0,0,1
215,860,1573,1581,170,0.7,2832,3,2,0,1
218,564,912,1980,168,0.5,1074,3,0,1,0
220,1777,553,874,100,0.2,1552,4,1,1,0
221,713,1211,1378,181,0.4,485,8,0,0,1
222,1053,594,1767,103,0.3,3086,1,3,0,1
225,724,1273,1754,187,0.5,2311,7,2,1,0
226,1944,313,712,92,0.5,2322,4,2,0,1
227,662,1001,1224,138,0.8,2125,1,1,1,0
229,586,241,854,83,0.2,2592,3,1,1,0
230,823,822,1449,148,0.5,905,8,0,0,1
232,1582,1486,1797,112,0.5,3890,6,3,1,0
234,1754,199,1452,101,1.0,3019,4,3,0,1
236,1692,674,1925,139,0.9,1394,1,1,1,0
237,1724,655,828,100,0.8,3056,2,3,0,1
238,511,140,622,175,0.1,1484,3,0,0,1
239,851,1171,1263,200,0.4,478,5,0,1,0
244,844,777,1995,197,0.9,3154,7,3,1,0
245,837,638,1831,104,0.2,594,5,0,1,0
246,695,1649,1829,196,0.6,2855,2,2,1,0
248,1994,667,711,88,0.6,454,8,0,0,1
249,1283,1135,1923,80,0.2,3957,4,3,0,1
250,1426,1573,1694,174,0.7,1277,5,1,1,0
251,645,278,584,174,1.0,3615,4,2,1,0
252,825,206,1917,86,0.1,3278,2,3,1,0
253,1630,712,1726,80,0.9,1751,6,2,0,1
254,675,482,874,187,0.6,2953,7,2,1,0
258,503,1495,1688,131,0.7,3117,1,3,0,1
259,1726,1221,1804,106,0.6,1868,5,2,0,1
260,1826,973,1633,172,0.6,1612,8,2,0,1
263,959,87,736,155,0.4,3328,4,2,0,1
265,1261,858,1591,90,0.2,348,4,0,0,1
266,1424,1399,1663,80,0.6,1053,4,1,1,0
267,641,417,759,192,0.9,3595,1,2,0,1
269,645,327,580,197,1.0,2962,7,2,1,0
270,907,144,896,160,0.2,3911,3,3,0,1
271,1225,840,982,155,0.1,1970,5,1,0,1
279,1128,938,1226,147,0.6,1440,8,1,0,1
281,697,478,1477,173,0.4,259,2,0,1,0
283,1414,294,1233,168,0.8,1069,2,0,1,0
286,696,649,907,197,0.3,2630,3,1,1,0
289,1273,490,886,99,0.4,1767,4,1,1,0
291,1807,1734,1968,134,0.1,3726,6,3,0,1
292,781,368,607,88,0.2,3862,2,3,0,1
293,1713,237,890,104,0.9,971,7,0,1,0
295,1861,1698,1877,148,0.5,601,7,1,0,1
296,1677,271,1477,124,0.7,3771,6,3,1,0
300,1652,352,1084,198,1.0,3592,7,3,1,0
302,1766,291,1318,122,0.8,3297,8,3,0,1
304,774,1480,1731,188,0.5,2944,2,2,1,0
305,713,103,1760,89,0.7,2082,2,1,1,0
307,554,85,806,105,0.1,3764,6,2,0,1
310,511,149,1285,125,0.9,3265,8,2,0,1
311,1333,394,1301,183,0.7,3442,7,3,1,0
312,1314,82,512,87,1.0,3411,4,3,0,1
314,1608,1013,1158,183,0.4,489,2,0,1,0
315,569,388,605,124,0.3,2651,1,1,0,1
316,520,264,519,145,0.8,2753,6,1,1,0
317,1067,494,1989,122,0.6,604,8,0,0,1
318,1310,954,970,150,0.2,2518,5,2,1,0
319,1526,718,751,117,0.2,2227,7,2,1,0
322,1597,64,1667,89,0.4,934,1,0,1,0
323,1778,88,516,132,1.0,1624,4,1,1,0
324,805,81,1544,168,0.9,3397,3,2,0,1
325,915,532,1448,187,0.6,905,8,0,1,0
327,1744,621,1558,158,0.7,345,1,0,1,0
328,1843,118,580,134,0.7,3213,6,3,0,1
331,1154,1003,1827,159,0.8,3262,5,3,1,0
336,1753,387,1595,113,0.9,1445,7,1,1,0
338,1171,248,755,167,0.3,263,7,0,0,1
341,1494,449,790,158,0.8,3208,5,3,1,0
342,802,527,734,153,0.6,3063,5,2,1,0
344,1221,1895,1976,139,0.5,2438,1,3,1,0
346,1948,631,1940,100,0.1,3630,5,3,1,0
348,980,1008,1758,160,0.9,2268,6,2,0,1
352,797,206,1167,144,0.9,2216,7,1,1,0
353,1517,570,1645,169,0.8,2738,4,2,1,0
354,1039,62,544,136,0.1,3212,6,2,1,0
357,718,662,997,93,0.4,1601,3,1,0,1
362,1001,922,1836,117,0.2,3654,3,3,1,0
363,1694,1194,1208,186,1.0,1653,6,2,1,0
364,1720,334,896,188,0.8,2522,5,2,1,0
365,1897,1311,1935,192,0.5,273,8,0,1,0
367,1056,914,979,101,0.7,2651,3,2,0,1
371,674,750,772,93,0.2,589,3,0,0,1
375,1793,1086,1418,169,0.5,3533,6,3,1,0
376,1205,321,1870,163,0.1,953,6,0,0,1
377,1283,510,980,93,1.0,773,3,0,0,1
378,640,710,1179,163,0.1,2844,4,2,1,0
379,1620,434,1339,186,0.9,1086,6,1,1,0
380,1968,861,1259,115,0.8,2323,3,2,1,0
382,1702,1397,1491,145,0.5,2501,2,3,0,1
383,1366,402,964,150,0.1,3501,2,3,0,1
385,596,885,1854,111,0.8,3238,8,3,1,0
387,1763,138,806,101,0.2,2066,4,1,1,0
389,1156,1214,1262,89,0.1,1796,7,1,1,0
391,713,123,1477,98,0.8,1462,1,0,1,0
392,1992,649,895,141,0.1,3206,1,3,0,1
393,1522,533,1696,162,0.7,3767,6,3,1,0
400,673,1096,1570,142,0.4,3541,6,3,0,1
402,1658,51,739,159,0.3,2609,5,2,0,1
404,1501,198,1056,187,0.2,2487,1,2,1,0
405,936,657,938,129,0.2,2049,2,1,0,1
411,659,1054,1929,110,0.5,2044,3,1,1,0
413,504,767,1665,166,0.1,701,1,0,0,1
415,894,104,541,130,0.2,2829,3,2,1,0
417,1650,773,881,89,0.7,324,1,0,1,0
418,1391,14,1256,182,0.8,3139,1,2,1,0
420,879,463,1038,187,0.8,2927,4,2,1,0
421,1871,275,1966,144,0.4,2727,8,3,1,0
422,1320,103,1583,168,0.2,2893,5,2,1,0
423,1068,322,875,197,0.9,1209,8,0,1,0
425,891,40,1435,153,0.1,1303,6,0,1,0
427,1794,43,627,86,0.5,402,7,0,0,1
429,1448,570,1724,138,0.8,3378,7,3,0,1
431,1143,1116,1724,125,1.0,1214,3,1,1,0
434,1362,553,1505,131,0.8,995,7,0,1,0
435,852,683,1349,160,0.8,315,5,0,1,0
436,1846,83,773,159,0.7,1333,1,1,0,1
440,831,511,621,177,0.7,1704,5,0,1,0
446,1361,881,1382,169,1.0,2495,5,2,0,1
447,1783,910,1566,183,0.6,1816,8,2,0,1
448,912,329,1053,161,0.3,2330,8,1,0,1
449,1433,420,784,129,0.1,2132,5,1,0,1
450,999,20,745,167,0.1,1344,4,0,0,1
452,765,1277,1429,115,0.3,2243,8,2,1,0
455,1089,636,1259,145,0.7,2765,5,2,0,1
456,1994,86,1546,189,0.4,1836,2,2,0,1
458,1177,945,1923,181,1.0,1887,4,1,1,0
461,1583,942,1651,148,0.7,1704,7,2,0,1
462,1549,721,1514,158,0.4,1998,5,2,0,1
463,1483,531,758,176,0.2,1851,7,1,1,0
464,1250,11,1020,167,0.4,3314,5,2,0,1
465,1878,210,1026,85,0.6,1334,8,1,0,1
466,712,1245,1309,86,0.5,2001,2,1,1,0
467,1960,205,1299,86,0.3,3865,7,3,0,1
472,906,1102,1793,136,0.1,3412,2,3,1,0
473,612,1294,1337,181,0.6,3169,5,2,0,1
476,818,111,510,177,0.9,546,6,0,1,0
481,775,862,1864,159,0.7,568,2,0,1,0
488,1485,371,1023,158,0.8,3241,5,3,0,1
493,1998,50,1356,196,0.6,2311,8,2,0,1
494,1558,322,1385,114,0.1,878,5,0,0,1
495,986,471,800,183,0.8,2385,8,1,0,1
496,694,983,1230,193,0.4,3676,4,3,0,1
499,1413,1039,1318,185,0.1,3878,5,3,1,0
500,1939,320,520,199,0.6,1047,4,0,0,1
501,667,1015,1947,185,0.8,2528,1,2,1,0
503,1892,1399,1564,110,0.4,2172,4,2,0,1
504,1836,168,1068,104,0.7,2469,5,2,1,0
506,1883,203,915,87,0.1,3563,1,3,1,0
507,1199,1168,1552,116,0.2,3448,4,3,0,1
508,555,956,1010,163,0.2,343,5,0,0,1
509,1036,373,926,119,0.2,2101,7,1,0,1
510,517,660,974,183,0.8,3704,4,3,1,0
511,1885,1406,1517,92,0.6,1277,4,1,1,0
513,1068,1405,1910,124,0.5,550,4,0,1,0
516,1800,191,1108,87,0.3,656,1,0,0,1
517,877,1064,1985,195,0.1,2004,7,1,1,0
518,635,300,1059,149,0.4,2973,3,2,0,1
520,1702,921,1351,185,0.6,435,6,0,0,1
521,1011,481,749,131,0.2,2261,7,1,1,0
523,808,119,529,105,0.5,1082,8,0,0,1
525,512,249,1849,83,0.9,2610,3,2,0,1
526,643,314,1400,156,0.8,2096,1,1,0,1
527,1896,447,794,141,0.4,3684,2,3,1,0
528,501,504,1089,131,0.3,2346,4,1,1,0
529,560,80,1327,81,0.3,2167,3,1,0,1
531,558,997,1605,142,0.8,392,5,0,0,1
534,1445,527,1393,82,0.4,3480,2,3,1,0
535,1489,172,812,200,0.6,776,1,0,1,0
538,1065,760,1722,158,0.1,1193,5,1,1,0
540,550,486,1930,145,0.1,302,2,0,0,1
542,1760,1382,1383,127,0.8,2053,8,2,1,0
543,1776,1563,1803,82,0.9,2671,6,3,1,0
544,1902,1142,1393,124,0.8,343,8,0,1,0
545,1595,1024,1838,85,0.7,3881,4,3,0,1
546,730,1371,1677,122,0.7,2787,4,2,1,0
547,1097,405,519,181,0.8,509,1,0,1,0
548,686,1109,1392,91,0.3,570,6,0,0,1
550,763,273,1278,104,0.3,2865,5,2,0,1
552,1665,1572,1684,194,0.2,1601,6,2,0,1
553,1936,570,1021,139,0.1,1400,3,1,1,0
556,1230,1920,1963,111,0.7,1622,7,2,0,1
557,557,1131,1315,125,0.5,1305,3,0,0,1
559,999,1397,1616,199,0.2,2593,4,2,1,0
565,668,666,1203,155,0.1,2746,5,2,1,0
567,1189,379,932,198,0.5,893,3,0,0,1
568,1110,1179,1262,192,0.9,456,5,0,1,0
569,1627,52,1082,180,0.1,3206,6,3,1,0
571,1136,1307,1767,150,0.9,2110,6,2,1,0
574,1751,1499,1952,146,0.6,1155,8,1,1,0
576,1828,336,898,199,0.9,2280,1,2,0,1
580,696,533,797,103,0.2,2022,3,1,0,1
583,584,1123,1622,168,0.3,465,3,0,0,1
585,1331,1109,1226,165,0.5,1026,2,1,0,1
588,1715,1224,1676,94,0.3,1633,8,2,1,0
589,964,225,1234,86,0.7,2577,8,2,1,0
590,1375,227,772,194,0.1,1947,2,1,1,0
591,1135,690,1589,158,0.4,3204,1,3,0,1
592,1029,264,956,171,0.2,582,5,0,0,1
593,1928,229,1004,162,0.8,696,5,0,1,0
594,605,329,656,162,0.9,2301,2,1,1,0
598,1809,639,721,174,0.1,2324,3,2,0,1
601,1562,678,1676,172,0.8,3465,8,3,1,0
603,628,1047,1534,87,0.2,1337,6,1,0,1
604,1905,849,898,151,0.5,1545,1,1,0,1
605,1694,377,549,102,0.3,2298,7,2,0,1
608,1944,634,1079,132,0.2,769,7,0,1,0
609,1538,567,986,121,0.2,1494,7,1,0,1
611,568,181,1703,179,0.3,950,3,0,1,0
612,532,1213,1354,193,0.1,728,5,0,0,1
615,1695,1791,1898,200,0.7,446,3,1,1,0
617,1488,1528,1647,112,0.8,3054,5,3,1,0
622,1296,1222,1382,129,0.2,2552,7,2,1,0
623,1848,154,605,179,0.7,3902,2,3,0,1
624,1732,824,881,119,0.8,1308,8,1,0,1
625,1660,440,569,100,0.7,2424,8,2,1,0
628,1559,117,681,114,0.3,2203,8,1,0,1
629,882,248,884,151,0.2,751,6,0,1,0
631,676,864,1011,84,0.2,2064,1,1,1,0
636,1800,400,823,100,0.4,3481,7,3,0,1
637,1413,187,517,117,0.3,3383,5,3,1,0
641,911,461,670,181,0.1,363,5,0,0,1
643,1343,1063,1205,81,0.9,462,8,0,1,0
644,508,1419,1920,162,0.4,2616,6,2,1,0
645,1578,411,1226,138,0.1,2458,4,2,1,0
646,626,90,1334,187,0.5,3458,2,2,1,0
647,651,548,858,176,0.2,2244,5,1,0,1
648,1822,172,910,195,0.2,2577,6,2,1,0
649,1103,990,1486,111,0.7,1837,6,1,1,0
650,857,157,948,195,0.2,3100,7,2,0,1
651,1369,1451,1469,108,0.6,3206,1,3,0,1
652,1807,1221,1415,125,0.2,2921,3,3,0,1
654,1604,641,1156,93,0.6,1464,5,1,0,1
656,1504,395,1853,152,0.3,1788,4,1,1,0
658,539,1123,1709,137,0.2,3948,6,3,1,0
659,950,774,843,156,0.1,1095,5,0,0,1
663,1713,108,1963,199,0.7,1513,6,1,0,1
664,729,563,1055,135,0.6,3397,6,2,0,1
666,1237,18,1004,98,0.8,2528,4,2,0,1
667,1225,10,1567,107,0.1,2423,2,2,1,0
669,1476,1641,1666,171,0.1,1529,4,2,0,1
676,664,701,1478,110,0.1,3629,7,3,0,1
678,1604,134,939,191,1.0,916,8,0,0,1
679,1137,942,1179,196,1.0,3616,3,3,0,1
680,1522,952,1191,124,0.2,1368,1,1,0,1
682,786,507,1697,141,0.5,2390,7,2,1,0
683,709,570,1422,81,0.1,467,8,0,1,0
684,990,1466,1717,153,0.9,2698,2,2,0,1
685,772,552,1802,134,0.6,422,7,0,0,1
686,1965,915,1965,187,0.2,2032,4,2,0,1
687,1133,730,1543,199,0.1,1457,5,1,1,0
688,1225,759,1404,116,0.5,3836,4,3,0,1
691,1701,550,1338,194,0.3,2598,8,2,0,1
693,1512,336,670,145,0.1,869,5,0,1,0
697,1523,247,539,117,0.2,3971,2,3,0,1
698,1523,148,1606,129,0.1,707,1,0,0,1
699,1165,564,831,178,0.2,764,6,0,0,1
702,1923,767,1759,191,0.5,1489,1,1,1,0
708,539,551,599,145,0.1,3597,7,2,0,1
710,1876,546,1564,86,0.3,2513,6,3,1,0
714,1193,674,864,196,0.4,2394,3,2,0,1
718,1405,284,1036,107,0.3,2376,4,2,1,0
719,1645,897,1308,123,0.7,783,7,0,0,1
720,1713,729,974,127,0.9,2406,7,2,1,0
721,772,1314,1854,81,0.8,2819,7,3,1,0
725,1039,497,618,125,0.3,3105,8,2,0,1
726,1265,275,687,90,0.5,1518,1,1,1,0
728,1591,1384,1883,154,0.4,3703,6,3,0,1
729,1095,838,1066,103,0.7,3209,4,3,0,1
730,514,1083,1492,141,0.7,980,2,0,0,1
731,839,564,1391,175,0.4,3835,7,3,1,0
734,1953,555,764,158,0.1,2334,8,2,0,1
735,934,521,1190,182,0.7,703,8,0,1,0
736,1077,334,1079,131,0.6,3454,4,3,0,1
737,578,626,1134,170,0.3,2977,5,2,0,1
738,618,1314,1688,86,0.3,1051,1,0,1,0
740,1884,1168,1179,149,0.5,1396,6,1,1,0
742,843,593,732,119,0.9,1734,7,1,1,0
743,1126,1223,1611,160,0.4,2050,6,2,0,1
744,1178,96,1352,84,0.3,2492,3,2,1,0
745,1634,964,1677,200,0.2,3031,2,3,0,1
747,1982,764,1873,129,0.1,3511,7,3,1,0
748,846,1140,1983,123,0.1,2248,4,2,0,1
750,571,31,1536,101,0.6,555,6,0,0,1
751,1208,691,1028,175,1.0,2201,1,1,1,0
753,548,657,1657,146,0.4,562,4,0,1,0
755,1177,178,882,191,0.4,311,2,0,1,0
756,1349,212,623,134,0.9,2367,6,1,0,1
757,1945,1064,1540,112,0.7,3322,6,3,1,0
763,1832,186,654,90,0.6,2978,7,2,1,0
765,1229,120,1878,191,0.8,1667,2,1,1,0
767,1775,1633,1869,163,0.1,2343,1,3,0,1
768,909,635,973,82,0.3,3187,8,2,0,1
769,1517,802,1489,143,0.6,2822,5,3,1,0
770,741,334,594,178,0.3,1886,5,0,1,0
771,1342,991,1638,86,0.6,2746,7,3,1,0
773,576,757,1518,121,0.1,1519,2,1,1,0
775,950,86,1681,124,0.1,1305,8,0,1,0
776,1225,217,1101,138,0.6,2675,7,2,1,0
777,1561,885,1811,134,0.5,1783,2,2,1,0
778,1768,1303,1814,88,0.8,3256,7,3,0,1
779,1726,379,1223,193,0.6,2239,4,2,0,1
780,570,1331,1917,111,0.3,3663,7,3,0,1
781,1783,1081,1979,104,0.7,387,6,1,1,0
784,1271,1260,1788,161,0.9,892,1,1,1,0
785,668,195,1292,114,0.3,1201,1,0,1,0
786,635,599,1299,110,1.0,2452,7,2,0,1
788,536,547,705,135,0.7,1211,3,0,0,1
789,1723,202,1791,164,1.0,3587,8,3,0,1
791,602,1571,1717,141,0.9,2189,8,2,1,0
792,1996,671,1445,122,0.4,2236,4,2,1,0
793,1986,282,1358,165,0.1,1614,8,1,1,0
795,832,9,1944,165,0.1,3946,5,3,0,1
799,920,209,1078,115,0.4,785,7,0,1,0
800,914,706,721,147,0.7,1122,4,0,0,1
801,609,58,1253,117,0.3,2581,1,1,0,1
803,1436,1826,1836,124,0.9,2736,8,3,1,0
804,1727,1463,1992,85,0.6,2457,7,3,1,0
805,713,1048,1123,94,0.1,928,1,0,1,0
808,1906,3,629,113,0.2,1871,3,1,0,1
810,536,1386,1539,182,0.3,284,7,0,1,0
811,972,681,1050,107,0.7,1900,3,1,0,1
816,571,224,783,141,0.5,2587,3,1,1,0
818,1382,612,719,199,0.3,2073,2,1,0,1
820,994,296,839,164,0.9,3104,2,2,1,0
821,788,42,1161,91,0.9,3969,8,3,1,0
822,936,1330,1686,153,0.2,2391,3,2,1,0
824,1031,532,1247,121,0.1,2385,2,2,0,1
830,1872,286,1484,80,0.5,2295,2,2,0,1
833,896,1379,1469,111,0.3,1060,1,1,1,0
839,561,426,865,99,0.1,2974,7,2,0,1
840,1528,454,1762,129,0.8,1282,5,1,0,1
841,1236,492,1403,143,0.3,942,4,0,0,1
842,1312,1233,1854,163,0.8,1087,2,1,1,0
848,1009,267,1841,115,0.6,2286,7,2,0,1
849,1433,1619,1651,153,0.9,3900,7,3,0,1
851,909,410,1643,146,0.1,1244,3,0,0,1
852,940,499,1090,115,0.7,2192,4,1,1,0
854,672,724,1127,194,0.1,1457,5,0,0,1
855,1980,312,1910,177,0.8,3865,1,3,1,0
857,1203,35,510,109,0.9,1672,2,0,0,1
859,916,1147,1393,82,0.2,1659,4,1,0,1
860,1919,304,1191,150,0.8,1391,4,1,1,0
861,753,606,1316,121,0.1,3484,8,3,0,1
862,1659,819,902,89,0.6,3255,1,3,1,0
863,772,741,1471,100,0.1,929,2,0,1,0
864,1245,330,1434,105,0.7,2676,5,2,0,1
868,1201,306,558,99,1.0,495,7,0,0,1
869,1068,935,1499,194,0.6,1754,5,1,1,0
870,1003,190,1905,119,0.6,1798,8,1,0,1
872,1883,836,1739,146,0.3,2600,6,3,0,1
874,793,15,1196,124,0.3,1050,8,0,0,1
877,1299,46,908,83,0.5,1938,6,1,0,1
880,1368,843,1145,115,0.1,2941,7,3,0,1
881,718,1185,1387,113,0.8,1824,6,1,1,0
882,1786,74,865,123,0.1,3033,3,3,1,0
883,1589,618,940,84,0.4,2373,3,2,1,0
886,1802,453,963,116,0.5,1885,5,2,0,1
892,1512,333,952,131,0.1,3002,1,2,0,1
899,1540,318,831,157,0.1,1161,7,0,1,0
900,989,614,679,156,0.6,2819,8,2,0,1
901,739,1052,1536,88,0.1,475,3,0,0,1
903,1672,1250,1435,172,0.5,1348,8,1,0,1
904,1801,100,1708,120,0.9,258,6,0,1,0
907,535,290,811,113,0.7,740,1,0,1,0
908,775,561,1510,189,0.4,2523,7,2,0,1
911,1325,499,695,146,0.1,2328,1,2,1,0
913,914,191,1495,100,0.8,808,2,0,0,1
914,776,991,1803,146,1.0,685,4,0,0,1
915,987,419,736,83,0.5,2757,3,2,0,1
916,1732,201,656,172,0.3,3940,5,3,1,0
917,1577,1045,1737,197,0.3,2060,5,2,1,0
918,1403,461,1251,164,0.1,3371,5,3,1,0
919,1628,412,643,101,0.9,3361,6,3,1,0
920,1197,649,1629,149,0.5,1797,6,1,1,0
922,831,172,1239,86,0.5,1075,6,0,1,0
923,1044,1230,1263,104,0.7,1794,6,1,1,0
925,1839,475,1493,200,0.5,927,7,1,0,1
926,1554,699,1492,105,0.1,2184,6,2,1,0
927,1018,992,1433,153,0.6,3143,8,3,1,0
928,1837,1420,1539,103,0.9,2294,8,3,1,0
933,1341,473,574,107,0.4,2200,8,1,0,1
936,842,20,756,188,0.6,2549,2,1,1,0
938,553,1287,1892,136,0.7,3300,2,3,0,1
940,831,1482,1490,134,0.7,2573,8,2,0,1
943,1566,1603,1930,126,0.5,659,2,1,0,1
944,1830,460,1583,191,0.9,2334,6,2,1,0
945,1995,649,1104,129,0.2,1322,1,1,0,1
946,543,391,984,192,0.7,2413,5,1,1,0
947,1332,846,855,168,0.8,2790,7,2,1,0
948,1827,55,1020,128,0.5,2844,5,2,1,0
950,814,1092,1406,177,0.8,1944,2,1,0,1
952,1913,675,742,111,0.6,2023,5,2,0,1
953,841,125,675,81,0.3,957,5,0,1,0
954,584,919,1343,199,0.4,3996,4,3,0,1
959,957,1201,1485,107,0.8,1846,5,1,0,1
960,503,778,1291,185,0.6,305,6,0,1,0
962,902,364,1360,122,0.7,3654,5,3,0,1
963,848,7,1294,103,0.1,436,7,0,0,1
966,658,1156,1750,103,0.9,3587,7,3,0,1
968,1565,781,1364,121,0.1,308,5,0,0,1
969,615,1216,1786,131,0.8,2769,6,2,0,1
970,1652,313,1264,89,0.7,2338,4,2,0,1
971,787,806,1423,93,0.6,2934,1,2,0,1
973,1995,1830,1963,139,0.8,1203,6,2,0,1
974,1940,112,858,93,0.7,2297,5,2,0,1
975,1960,868,877,165,0.2,3773,7,3,0,1
977,618,591,724,80,0.1,1424,4,0,0,1
978,1725,1125,1195,185,1.0,1243,6,1,1,0
979,1072,380,877,114,0.4,2715,8,2,0,1
981,504,1207,1539,163,0.4,2378,2,2,0,1
983,1444,1274,1340,103,0.9,712,1,0,0,1
984,1089,211,1409,153,0.1,2620,7,2,1,0
985,1560,745,1364,169,0.8,1938,7,2,1,0
986,1180,168,540,90,0.1,348,6,0,0,1
990,1561,662,874,174,0.8,1205,3,1,0,1
991,932,1176,1224,154,0.7,3817,7,3,1,0
997,867,70,1974,135,0.7,790,6,0,1,0
998,1583,1171,1673,148,0.2,2498,2,2,1,0
1000,1125,774,939,117,0.4,1641,1,1,0,1
1001,934,1111,1463,112,0.8,1017,5,0,1,0
1005,1174,744,1244,147,1.0,804,4,0,0,1
1006,1494,979,1190,101,0.2,3614,1,3,1,0
1008,757,535,697,163,0.2,3237,4,2,1,0
1009,1310,806,1016,105,0.4,1301,1,1,1,0
1010,866,692,1686,179,0.5,3825,8,3,1,0
1014,1661,594,1337,109,1.0,864,7,1,0,1
1016,907,171,507,151,0.2,584,1,0,1,0
1017,1063,1208,1232,101,0.8,3809,5,3,0,1
1018,1493,240,1414,102,0.5,2083,5,2,1,0
1019,1689,521,674,168,0.9,1172,2,0,0,1
1022,652,77,559,173,0.7,1974,5,0,0,1
1023,757,114,819,157,0.5,3433,7,2,0,1
1024,880,1116,1381,194,0.5,827,7,0,1,0
1025,1071,1328,1970,199,0.3,3393,4,3,1,0
1028,1348,1869,1942,98,0.3,955,3,1,1,0
1029,1035,831,1709,173,1.0,2002,6,1,0,1
1032,1733,357,527,119,1.0,3576,6,3,0,1
1033,1117,495,1035,177,0.1,1999,2,1,0,1
1035,1076,545,1300,105,0.2,2043,5,1,1,0
1036,1266,346,1468,184,0.2,2532,3,2,1,0
1040,1164,1107,1656,88,0.3,3859,1,3,0,1
1044,899,641,1638,192,0.3,2870,4,2,0,1
1045,1148,606,688,170,0.3,3127,5,2,1,0
1046,1408,613,1088,89,0.9,3952,5,3,0,1
1049,1695,308,1208,189,0.5,1629,5,1,0,1
1050,1975,775,1607,151,0.9,3022,1,3,0,1
1052,1193,730,1729,166,0.5,536,1,0,1,0
1054,1063,127,683,128,1.0,2910,5,2,1,0
1058,834,1421,1463,123,0.2,1591,1,1,1,0
1062,1762,525,704,83,0.1,2661,6,2,1,0
1063,1494,944,1003,93,0.9,1208,7,1,1,0
1064,873,1257,1411,152,0.6,575,7,0,0,1
1066,1472,1452,1744,130,0.5,985,6,1,1,0
1068,717,1878,1981,99,0.1,629,8,0,1,0
1071,1792,1626,1913,170,0.3,2563,7,3,0,1
1072,1236,517,809,188,0.1,1406,1,0,1,0
1074,840,1482,1591,150,0.7,2072,6,2,1,0
1077,1426,715,1163,84,0.6,1356,3,1,0,1
1078,743,1587,1659,95,0.3,316,2,0,1,0
1080,1509,1010,1684,81,0.3,1540,4,1,1,0
1083,965,130,998,109,1.0,1138,2,0,0,1
1084,717,217,1106,198,0.6,688,1,0,0,1
1087,823,1180,1350,182,0.2,3894,5,3,1,0
1088,571,177,1282,186,0.2,2598,7,1,1,0
1089,1900,934,1241,171,0.9,3917,1,3,0,1
1090,1762,300,527,189,0.9,1896,1,1,0,1
1091,652,464,781,142,0.6,565,3,0,1,0
1094,769,1385,1780,112,0.2,941,4,0,1,0
1095,1498,111,1167,191,0.1,577,4,0,0,1
1096,664,1076,1472,164,0.9,3774,2,3,1,0
1098,752,164,728,87,0.7,3860,7,3,1,0
1099,1249,605,1193,140,0.8,531,3,0,0,1
1100,1439,626,932,147,0.8,1790,1,1,1,0
1101,1429,246,820,100,0.9,3945,3,3,1,0
1102,1485,341,774,138,0.1,3271,4,3,1,0
1103,984,1036,1611,98,0.8,898,7,0,0,1
1104,817,722,766,144,0.5,2039,3,1,1,0
1106,633,709,1915,102,0.7,1401,6,1,0,1
1108,1848,195,533,178,0.1,3915,2,3,1,0
1112,946,1698,1771,166,0.1,3720,3,3,0,1
1114,1481,116,1533,96,0.6,2945,5,2,0,1
1116,1276,217,735,130,0.3,3798,2,3,0,1
1117,1970,654,882,80,0.3,2372,8,2,1,0
1119,1444,624,917,104,0.4,3764,7,3,0,1
1122,984,531,707,140,0.8,841,3,0,1,0
1123,1898,444,739,185,0.2,2114,7,2,1,0
1124,1359,446,901,107,0.5,1076,6,0,0,1
1126,1871,88,1682,81,0.1,2144,7,2,0,1
1128,1661,846,1634,172,1.0,2676,5,3,1,0
1130,1166,437,638,80,0.5,3887,1,3,0,1
1131,1109,1391,1787,98,0.4,1524,1,1,0,1
1132,1996,937,1083,138,0.1,1258,5,1,0,1
1133,1273,485,1399,178,0.6,558,6,0,0,1
1134,972,1392,1795,193,0.4,1615,5,1,0,1
1138,1581,693,850,172,0.4,1384,4,1,0,1
1139,1831,437,1113,148,0.2,2460,7,2,0,1
1140,879,403,1105,83,0.7,349,6,0,0,1
1141,972,297,589,82,0.7,3925,7,3,0,1
1142,1464,418,1341,153,0.7,1277,6,1,1,0
1144,1656,880,1456,166,0.1,1629,3,1,1,0
1145,1829,729,1267,160,0.4,2080,5,2,0,1
1149,915,875,1316,91,0.3,378,3,0,1,0
1152,1318,688,1591,188,0.8,1780,2,1,1,0
1153,1259,1210,1989,97,0.5,340,2,0,1,0
1156,733,445,1409,174,0.2,1403,7,0,1,0
1158,1552,430,658,180,0.3,2606,8,2,1,0
1159,709,119,1531,130,0.1,3568,5,3,1,0
1160,1842,783,1227,179,0.4,3721,4,3,0,1
1165,660,262,1178,111,0.5,588,2,0,1,0
1167,1101,387,1269,148,0.2,2196,2,1,1,0
1169,623,1749,1781,102,0.1,3537,8,3,0,1
1172,581,803,1613,185,0.7,2819,5,2,1,0
1173,1289,713,1854,161,0.9,3167,6,3,1,0
1174,1076,1088,1718,191,0.7,2355,5,2,1,0
1175,685,433,648,93,0.8,728,7,0,1,0
1176,1929,349,1051,163,1.0,1913,6,1,0,1
1177,1572,1109,1937,157,0.2,2462,7,3,1,0
1178,601,818,1827,169,0.8,2651,4,2,0,1
1180,926,84,793,161,0.8,256,7,0,0,1
1181,1686,599,1073,182,0.8,780,5,0,0,1
1183,1571,713,1398,100,0.1,666,6,0,1,0
1184,1831,611,1381,150,0.9,3834,5,3,1,0
1188,875,300,1316,110,0.1,756,7,0,1,0
1192,1667,1211,1396,138,0.9,635,2,0,1,0
1193,589,429,815,160,0.6,2113,4,1,0,1
1195,1715,638,1615,83,0.5,625,8,0,1,0
1201,642,331,1011,197,0.8,3355,2,2,1,0
1202,811,333,1429,106,0.3,2111,6,1,0,1
1203,1741,719,755,140,0.1,2575,5,2,0,1
1204,1002,285,512,185,0.4,961,6,0,1,0
1208,908,154,941,95,0.6,3518,5,3,1,0
1209,640,976,1353,143,0.6,2711,8,2,1,0
1210,1064,1175,1569,184,0.2,654,6,0,1,0
1211,1049,39,1564,172,0.3,433,6,0,1,0
1212,1531,625,765,162,0.4,2524,6,2,1,0
1213,1329,1053,1458,181,0.9,1228,6,1,0,1
1217,1117,1258,1627,146,0.2,2003,2,2,0,1
1218,984,56,1931,119,0.5,2013,8,1,0,1
1220,1584,160,1291,135,0.6,1561,4,1,0,1
1224,1883,531,791,95,0.5,3724,2,3,0,1
1225,1623,1568,1832,120,0.9,1510,7,2,0,1
1226,1221,765,1899,152,0.4,2638,7,2,1,0
1228,1766,125,1227,141,0.6,3314,5,3,0,1
1231,1958,1524,1848,153,0.4,3064,1,3,1,0
1232,1902,766,877,155,0.2,940,4,1,1,0
1233,659,659,730,169,0.3,2190,8,1,1,0
1234,637,1080,1289,194,0.6,2725,4,2,0,1
1235,865,805,1804,159,0.1,2361,3,2,1,0
1237,1269,406,1036,180,1.0,2341,8,2,0,1
1240,1189,79,615,164,0.5,841,2,0,0,1
1244,1099,393,1096,146,0.3,1699,3,1,1,0
1245,1802,253,590,101,0.6,696,7,0,1,0
1247,528,574,637,142,0.8,3256,2,2,1,0
1250,1866,108,1781,182,0.5,3834,3,3,1,0
1252,1973,127,507,95,0.8,1724,8,1,0,1
1258,617,768,874,199,0.5,2213,7,1,0,1
1259,748,450,1554,150,0.9,2126,8,1,0,1
1262,1796,1024,1363,184,0.9,3577,2,3,0,1
1263,1110,961,1950,153,0.3,624,8,0,1,0
1264,793,1858,1935,133,0.9,2332,2,2,1,0
1265,1646,1725,1932,185,0.2,3339,2,3,0,1
1267,583,1658,1794,88,0.9,1799,8,1,0,1
1268,1248,71,1686,89,0.4,2454,3,2,1,0
1269,1589,1673,1759,100,0.1,3970,8,3,0,1
1270,1563,142,1699,170,0.2,3660,8,3,1,0
1271,1845,292,695,96,0.3,1731,1,1,0,1
1273,772,1242,1712,80,0.5,3242,4,3,0,1
1274,858,528,1416,84,0.1,3978,1,3,1,0
1275,1770,1098,1373,183,0.6,3785,6,3,0,1
1277,1349,648,1019,105,0.1,2462,7,2,0,1
1278,710,485,857,151,0.8,1419,5,0,0,1
1279,1641,224,1994,97,0.7,1695,8,2,1,0
1280,726,323,978,94,0.8,1342,4,0,1,0
1282,878,575,618,153,0.5,3497,4,2,0,1
1285,961,291,1434,114,0.6,2782,8,2,0,1
1286,1447,737,1455,155,0.2,568,8,0,0,1
1287,506,875,1025,159,0.8,2965,1,2,1,0
1288,1048,29,1670,182,1.0,2146,1,1,0,1
1289,1590,1058,1109,187,0.5,2836,4,3,1,0
1292,1438,859,867,169,0.6,2246,8,2,0,1
1293,1940,588,1809,194,0.2,820,4,1,0,1
1295,742,875,925,104,0.7,331,8,0,0,1
1296,1137,1250,1285,173,0.9,316,5,0,1,0
1300,991,1209,1678,158,0.3,2014,5,2,1,0
1301,965,297,653,131,1.0,3227,8,2,0,1
1302,1379,207,1370,83,1.0,651,1,0,0,1
1303,703,218,1065,113,0.3,1472,1,0,0,1
1304,1174,1097,1461,91,0.8,285,2,0,1,0
1305,712,558,1208,84,0.2,2190,2,1,0,1
1306,1811,204,1132,115,1.0,348,6,0,0,1
1307,922,1016,1383,188,0.9,1165,7,0,1,0
1309,798,497,627,148,0.8,3593,2,2,0,1
1311,1702,1240,1931,177,0.1,1430,5,2,1,0
1313,1322,177,1990,140,0.8,1418,3,1,1,0
1314,875,469,853,146,0.7,702,8,0,0,1
1315,1110,800,1455,152,0.1,2572,3,2,1,0
1319,1676,134,1197,145,0.2,2515,1,2,1,0
1320,1949,518,592,186,0.8,1125,5,1,1,0
1321,1631,177,1905,198,0.1,301,7,0,1,0
1323,1242,315,1796,166,0.2,318,4,0,0,1
1325,708,206,620,116,0.3,1419,7,0,1,0
1326,1220,403,1933,125,0.5,2589,4,2,1,0
1328,1009,912,1043,102,0.6,1716,8,1,0,1
1329,1816,800,1089,186,0.1,3637,5,3,0,1
1330,1319,85,1152,107,0.9,2227,1,1,0,1
1331,989,46,1069,124,0.7,1737,1,1,0,1
1332,1751,170,564,178,0.6,2969,6,2,1,0
1333,1911,1795,1958,163,0.6,3872,8,3,0,1
1334,1520,151,1005,177,0.5,3826,8,3,0,1
1335,569,351,1159,170,0.8,2351,3,1,0,1
1339,1408,875,982,151,0.1,3162,4,3,0,1
1340,930,1017,1289,144,0.9,2016,8,1,0,1
1341,1044,42,1262,129,0.6,1816,4,1,0,1
1342,1043,716,1626,111,0.1,912,3,0,0,1
1343,1592,510,522,181,0.1,2103,2,1,1,0
1344,688,376,1957,109,0.2,1382,5,1,0,1
1346,1277,309,1460,142,0.4,3559,6,3,0,1
1347,618,879,896,88,0.2,2399,3,1,0,1
1355,930,77,1025,97,0.4,2457,6,1,0,1
1356,1414,262,829,99,0.8,3799,7,3,1,0
1357,1002,115,1111,146,0.1,1295,1,0,1,0
1358,1602,466,788,114,0.7,1037,3,0,0,1
1359,1617,274,1079,111,0.7,2754,2,2,1,0
1360,1991,298,1037,181,0.1,1861,1,1,1,0
1361,1230,416,676,123,0.8,988,5,0,0,1
1363,1412,2,660,86,0.2,1853,3,1,1,0
1366,904,42,507,168,0.4,1360,3,0,1,0
1367,1864,168,981,178,0.7,2686,1,2,1,0
1368,516,126,698,138,0.9,3731,1,2,0,1
1369,1856,277,1155,155,0.1,2052,5,2,1,0
1370,986,199,679,182,0.8,1149,4,0,0,1
1371,560,356,1903,146,1.0,2360,8,1,1,0
1372,805,641,704,97,0.1,418,4,0,0,1
1373,1924,1438,1923,136,0.9,3646,6,3,1,0
1375,601,356,765,154,0.1,532,4,0,0,1
1377,1263,954,1609,146,0.4,1958,6,2,0,1
1378,1537,686,1305,158,0.8,2857,4,3,1,0
1379,1595,1475,1988,88,0.9,908,1,1,1,0
1380,1002,948,1007,180,0.7,1234,7,0,0,1
1382,513,282,710,174,0.4,3400,8,2,1,0
1383,1384,983,1210,82,0.1,1221,3,1,0,1
1386,1067,79,681,135,0.5,706,7,0,0,1
1387,868,276,1026,83,0.8,1653,4,1,1,0
1391,1317,179,613,113,0.5,3436,5,3,1,0
1394,1234,209,725,174,0.9,3351,6,2,1,0
1396,981,75,688,136,0.1,1539,3,0,0,1
1397,1330,462,1304,84,0.8,3269,4,3,1,0
1399,748,88,709,110,1.0,1974,7,1,1,0
1401,648,819,1997,91,1.0,2991,5,2,1,0
1402,969,491,589,124,0.3,404,7,0,1,0
1405,1127,928,1049,163,0.8,2048,1,1,0,1
1408,1765,835,1175,87,0.7,3695,2,3,1,0
1409,1958,304,637,190,0.2,1409,2,1,0,1
1411,1977,1226,1242,171,1.0,1971,7,2,0,1
1412,1266,1187,1595,86,0.4,398,7,0,1,0
1413,1887,1172,1798,126,0.2,3348,8,3,0,1
1414,819,438,822,83,0.2,1094,8,0,0,1
1423,1045,1078,1564,175,0.1,2137,6,2,0,1
1424,1809,433,1661,123,0.7,2784,6,3,1,0
1425,1109,124,833,151,0.9,2785,1,2,0,1
1426,1117,798,817,144,0.6,2895,7,2,1,0
1427,803,627,935,106,0.3,2801,4,2,1,0
1429,545,381,1452,131,0.3,616,3,0,1,0
1430,1695,713,1742,84,0.4,3296,5,3,1,0
1431,1628,500,1713,136,0.1,3358,2,3,0,1
1436,1591,548,1641,161,1.0,282,3,0,0,1
1438,627,211,507,142,0.8,896,3,0,1,0
1439,1156,945,1913,173,0.9,2735,3,2,0,1
1440,565,543,703,158,0.1,2156,2,1,1,0
1441,687,584,1151,151,0.6,3416,4,3,0,1
1443,742,577,1359,190,0.2,3557,7,3,1,0
1444,1891,169,1108,129,0.4,3704,7,3,1,0
1445,1188,1339,1558,114,0.6,2896,2,3,0,1
1447,707,1027,1508,194,0.1,1853,2,1,1,0
1448,924,108,1813,167,0.3,1620,8,1,1,0
1450,615,1021,1958,130,0.5,1906,5,1,0,1
1452,1681,195,1205,158,0.4,1122,2,0,0,1
1458,1481,249,522,105,0.5,2635,3,2,0,1
1460,840,987,1081,137,0.8,3486,7,3,1,0
1462,867,289,724,159,0.1,2157,4,1,0,1
1463,1961,861,1888,100,0.5,2355,7,3,0,1
1466,1778,1028,1445,101,0.5,3941,6,3,1,0
1468,1600,1315,1710,94,0.3,2073,4,2,1,0
1470,605,160,1026,142,0.1,392,3,0,1,0
1473,1306,867,1258,174,0.4,2521,3,2,0,1
1474,1286,18,662,98,0.1,424,2,0,0,1
1476,534,393,1199,189,1.0,3926,5,3,1,0
1480,1519,1122,1702,112,0.7,2440,7,2,1,0
1482,904,1094,1496,147,0.6,545,6,0,1,0
1483,1170,427,684,169,0.4,2366,6,1,1,0
1486,1835,385,583,193,0.1,448,7,0,0,1
1488,1492,1684,1746,85,0.9,2259,3,3,0,1
1492,1763,238,1893,184,0.2,792,3,0,1,0
1493,1066,53,1504,167,0.5,1044,5,0,1,0
1495,1224,522,563,157,1.0,3796,1,3,0,1
1496,1158,311,1796,123,0.7,1542,2,1,1,0
1497,1190,1399,1646,93,0.2,3610,5,3,1,0
1498,1191,179,1813,169,0.9,1028,1,0,1,0
1499,706,543,938,108,0.1,2419,3,1,1,0
